{"cameraMode":{"drawMode":0,"name":"Shaded","section":"Shading Mode"},"sceneLighting":true,"audioPlay":false,"sceneViewState":{"m_AlwaysRefresh":false,"showFog":true,"showSkybox":true,"showFlares":true,"showImageEffects":true,"showParticleSystems":true,"showVisualEffectGraphs":true,"m_FxEnabled":true},"in2DMode":false,"pivot":{"x":-3.832310199737549,"y":4.157508850097656,"z":-10.806511878967286},"rotation":{"x":-0.37351474165916445,"y":-0.06253378093242645,"z":0.025252843275666238,"w":-0.9251813888549805},"size":1.299038052558899,"orthographic":false}