{"cameraMode":{"drawMode":0,"name":"Shaded","section":"Shading Mode"},"sceneLighting":true,"audioPlay":false,"sceneViewState":{"m_AlwaysRefresh":false,"showFog":true,"showSkybox":true,"showFlares":true,"showImageEffects":true,"showParticleSystems":true,"showVisualEffectGraphs":true,"m_FxEnabled":true},"in2DMode":false,"pivot":{"x":-0.19140823185443879,"y":11.422618865966797,"z":-0.12313751876354218},"rotation":{"x":-0.7331780195236206,"y":-0.01426220778375864,"z":0.015399116091430188,"w":-0.6797280311584473},"size":1.299038052558899,"orthographic":false}